allele,frequency,threshold
HLA-A*02:01,10.693200,0.405
HLA-A*24:02,12.905600,0.405
HLA-B*40:01,5.309730,0.405
HLA-B*51:01,3.244840,0.405
HLA-C*04:01,8.259590,0.405
HLA-C*07:02,9.660770,0.405